id,title,category_id,company_id,location,type,experience,salary_min,salary_max,salary_currency,description,requirements,posted_date,apply_url,created_at,updated_at
0096d154-3e17-4047-9369-1092dcedc756,Senior Game Developer - Platform Features,21,unity,"Austin, TX",Full-time,Senior (6-8 years),135000,185000,USD,"Build platform features and services for Unity's game development ecosystem. Work on multiplayer services, analytics, and cloud-based game tools.","[""Bachelor's degree in Computer Science or Game Development"",""6+ years of game development experience"",""Expertise in Unity engine and C#"",""Experience with game services and multiplayer systems"",""Knowledge of cloud platforms and backend services"",""Understanding of game analytics and telemetry"",""Experience with cross-platform development"",""Strong architecture and system design skills""]",2025-09-19,https://unity.com/careers/senior-game-developer-platform-features,2025-09-19 11:33:51.919151,2025-09-19 11:33:51.919151
011d2d8d-ac3f-4b63-9a19-476081783dd7,Senior Frontend Developer,5,wing,"New Delhi, India (Remote)",Full-time,Mid‑Senior,1200000,2500000,INR,Join M32 Labs at Wing to build AI-powered talent management platforms.,"[""2+ years of professional frontend development with MERN stack"",""Proficiency in JavaScript/TypeScript, React/Vue, Tailwind/CSS"",""Experience building from 0→1 in agile/hackathon-style settings""]",2025-07-01,https://jobs.lever.co/getwingapp/0af28d14-097e-4612-a225-94bb519c700d/apply,2025-08-02 05:15:43.27171,2025-08-06 10:18:14.757731
0298b423-7bad-4aba-a03c-0ab91cdf809c,"Principal Software Engineer, ITC",1,nike,Global (Remote Options Available),Full-time,Principal (14+ years),,,USD,"Join Nike's Partner and Marketplace engineering organization to design and deliver best-in-class commerce experiences. Provide technical leadership, collaborate with product and engineering leadership on roadmaps, and mentor engineering teams while driving cross-domain alignment.","[""14+ years of software engineering experience as an individual contributor developing custom software"",""5+ years hands-on experience implementing and supporting modern software architectural principles and patterns (microservices, REST, domain-driven design, DevOps etc)"",""Strong knowledge of serverless cloud computing (AWS preferred), containerization, CI/CD, automated testing"",""5+ years hands on experience with distributed cloud systems (AWS, Azure, GCP or Equivalent)"",""Excellent computer science fundamentals, including algorithms and data structures"",""Expert proficiency in one or more programming language like Java, Node JS, Python etc"",""Experience working with NoSQL data stores like Cassandra, DynamoDB, or MongoDB"",""Experience with front-end web application technologies (JavaScript, CSS, html5, React/redux, etc.)"",""Experience with implementing and integrating AI, Machine Learning and related data solutions (preferred)"",""Proficiency in leveraging GitHub Co-pilot (preferred)"",""Excellent influencing, verbal and written communication skills"",""Demonstrated ability to build and maintain relationships with multiple peers and cross-functional partners"",""Experience staying up-to-date with latest trends and advancements in backend development"",""Demonstrated leadership and mentorship experience"",""Experience with agile teams in product model"",""Bachelor's degree in Computer Science or Engineering, or equivalent experience""]",2025-09-19,https://careers.nike.com/principal-software-engineer-itc/job/R-57078?source=BY_Indeed_AppFeeder&utm_source=BY_Indeed_AppFeeder,2025-09-19 10:46:35.225214,2025-09-19 10:46:35.225214
03a4172a-6a6a-4981-946b-61dc304d3354,Senior Software Engineer - Feed,1,linkedin,"Sunnyvale, CA",Full-time,Senior (5-7 years),170000,240000,USD,"Develop LinkedIn's news feed and content distribution systems. Work on recommendation algorithms, content ranking, and user engagement optimization.","[""Bachelor's degree in Computer Science or related field"",""5+ years of software development experience"",""Experience with large-scale distributed systems"",""Proficiency in Java, Scala, or Python"",""Knowledge of machine learning and recommendation systems"",""Understanding of social networks and content platforms"",""Experience with real-time data processing""]",2025-09-18,https://www.linkedin.com/jobs/view/senior-software-engineer-feed,2025-09-19 11:20:33.074575,2025-09-19 11:20:33.074575
050da0ef-c190-454e-a312-96626e992c57,Senior BI Developer - Analytics Platform,20,elastic,"Amsterdam, Netherlands",Full-time,Senior (5-7 years),70000,95000,EUR,"Build business intelligence solutions using Elastic Stack. Develop dashboards, reports, and analytics tools for internal teams and customer insights.","[""Bachelor's degree in Computer Science, Statistics, or related field"",""5+ years of BI and data analytics experience"",""Expertise in Elasticsearch, Kibana, and Elastic Stack"",""Experience with data warehousing and ETL processes"",""Proficiency in SQL, Python, and data visualization"",""Knowledge of statistical analysis and data modeling"",""Experience with cloud platforms and distributed systems"",""Strong communication and stakeholder management skills""]",2025-09-19,https://jobs.elastic.co/jobs/senior-bi-developer-analytics-platform,2025-09-19 11:33:51.919151,2025-09-19 11:33:51.919151
06bad846-6f89-4cf9-ab90-39f7ca9c5337,Data Scientist - Analytics,2,accenture,"Bangalore, Mumbai, Hyderabad, Pune, India",Full-time,Mid-Senior,,,INR,"Join Accenture Applied Intelligence team as a Data Scientist to help clients harness the power of data and AI. Work on large-scale data science projects across various industries, building predictive models and deriving actionable insights for Fortune 500 clients.","[""3-7 years of experience in data science and analytics"",""Strong programming skills in Python, R, and SQL"",""Experience with machine learning algorithms and statistical modeling"",""Proficiency in data visualization tools (Tableau, Power BI, matplotlib, seaborn)"",""Experience with cloud platforms (AWS, Azure, GCP) and big data technologies"",""Knowledge of deep learning frameworks (TensorFlow, PyTorch, Keras)"",""Experience in client-facing roles and stakeholder communication"",""Bachelor's or Master's degree in Computer Science, Statistics, Mathematics, or related field"",""Experience with MLOps and model deployment in production"",""Industry experience in retail, banking, healthcare, or telecommunications preferred""]",2025-09-19,https://www.accenture.com/in-en/careers/jobsearch?jk=data+scientist&sb=0,2025-09-19 11:03:37.973211,2025-09-19 11:03:37.973211
0b75abdf-d34e-4f6d-a794-dfddf010d1d0,Graphics Software Engineer,1,nvidia,"Santa Clara, CA",Full-time,Senior (5-7 years),165000,240000,USD,"Develop graphics drivers and software for NVIDIA GPUs. Work on DirectX, OpenGL, Vulkan implementations and optimize graphics performance for gaming and professional applications.","[""Bachelor's or Master's degree in Computer Science or related field"",""5+ years of graphics programming experience"",""Expertise in C++ and graphics APIs (DirectX, OpenGL, Vulkan)"",""Knowledge of GPU architecture and parallel computing"",""Experience with graphics drivers and system software"",""Understanding of 3D mathematics and computer graphics"",""Performance optimization and debugging skills"",""Experience with game engines or graphics applications""]",2025-09-18,https://nvidia.wd5.myworkdayjobs.com/NVIDIAExternalCareerSite/job/graphics-software-engineer,2025-09-19 11:20:33.074575,2025-09-19 11:20:33.074575
0ddd0b04-391c-44e4-b83f-84968e2408c2,Software Engineer – Full Stack Development,1,hitachi,"Waltham, MA, USA",Full-time,Mid‑Senior,,,USD,"Join a fast-paced, highly collaborative engineering team. Prototype, design, develop, deploy, and support scalable full-stack applications. Contribute to technical direction, code standards, and scrum-based development.","[""5–10+ years of software engineering experience"",""Design scalable distributed systems"",""Expert in Object-Oriented development and design principles"",""Experience designing technical solutions from scratch"",""Proficient with Agile processes and scrum practices"",""Advanced problem-solving and clear technical communication"",""BSCS or MSCS (or equivalent)""]",2025-06-01,https://www.linkedin.com/jobs/view/software-engineer-full-stack-development-1032388-at-hitachi-vantara,2025-08-02 09:39:11.104949,2025-08-06 10:18:14.757731
0f944cb0-612f-4642-94bb-1a0fd6eb8660,Senior E-commerce Developer - Marketplace,24,amazon,"Bangalore, India",Full-time,Senior (5-7 years),30000,42000,USD,"Develop features for Amazon's marketplace platform. Work on seller tools, product catalog systems, and recommendation engines for global e-commerce operations.","[""Bachelor's degree in Computer Science or related field"",""5+ years of e-commerce development experience"",""Experience with large-scale distributed systems"",""Proficiency in Java, Python, or similar languages"",""Knowledge of recommendation systems and personalization"",""Understanding of marketplace dynamics and seller tools"",""Experience with search and catalog systems"",""Strong problem-solving and optimization skills""]",2025-09-17,https://amazon.jobs/en/jobs/senior-ecommerce-developer-marketplace-bangalore,2025-09-19 11:33:51.919151,2025-09-19 11:33:51.919151
10b82794-4340-4a2c-9c2f-0751c0a64be4,Senior Risk Engineer - Payment Processing,23,stripe,"Dublin, Ireland",Full-time,Senior (5-7 years),75000,105000,EUR,"Build risk management systems for Stripe's global payment platform. Develop fraud detection algorithms, compliance tools, and risk assessment models.","[""Bachelor's degree in Computer Science, Mathematics, or related field"",""5+ years of risk management or fraud detection experience"",""Experience with machine learning and statistical modeling"",""Knowledge of payment processing and financial regulations"",""Proficiency in Python, SQL, and data analysis tools"",""Understanding of global compliance requirements"",""Experience with real-time decision systems"",""Strong analytical and problem-solving skills""]",2025-09-18,https://stripe.com/jobs/listing/senior-risk-engineer-payment-processing-dublin,2025-09-19 11:33:51.919151,2025-09-19 11:33:51.919151
111e696f-4923-4395-8a36-a85c0f719a39,Software Engineer - Payments Infrastructure,1,stripe,"San Francisco, CA",Full-time,Senior (5-7 years),180000,260000,USD,"Build and scale Stripe's payments infrastructure. Develop payment processing systems, fraud detection, and financial compliance solutions.","[""Bachelor's degree in Computer Science or related field"",""5+ years of software development experience"",""Experience with distributed systems and databases"",""Proficiency in Ruby, Go, or Java"",""Knowledge of payment systems and financial regulations"",""Understanding of security and cryptography"",""Experience with high-availability systems""]",2025-09-19,https://stripe.com/jobs/listing/software-engineer-payments-infrastructure,2025-09-19 11:20:33.074575,2025-09-19 11:20:33.074575
14aac6c5-bd4b-4d06-a5b9-4ffe96722861,Machine Learning Engineer,2,ikigai,Remote/Global,Full-time,Mid-Senior,,,USD,"Join Ikigai Labs, a tight-knit team of AI enthusiasts working on the cutting edge of AI. Built upon years of MIT research, work on generative AI platform for tabular and time series data that helps operational teams make faster, better decisions under uncertainty.","[""Strong background in Machine Learning and AI"",""Experience with generative AI and Large Graphical Models"",""Proficiency in Python and ML frameworks (TensorFlow, PyTorch)"",""Experience with tabular and time series data processing"",""Knowledge of data preprocessing and feature engineering"",""Experience with AI platform development and deployment"",""Understanding of uncertainty quantification and decision making under uncertainty"",""Strong problem-solving skills and ability to work on cutting-edge research problems"",""Bachelor's or Master's degree in Computer Science, AI, Mathematics, or related field"",""Experience with cloud platforms and scalable ML systems""]",2025-09-19,https://www.ikigailabs.io/company/careers,2025-09-19 11:03:37.973211,2025-09-19 11:03:37.973211
171dfe11-3d56-4239-b56f-c89d87462656,Senior Security Engineer - Application Security,3,stripe,"Seattle, WA",Full-time,Senior (5-7 years),170000,240000,USD,"Lead application security initiatives at Stripe. Conduct security reviews, develop security tools, and work with engineering teams to build secure payment systems.","[""Bachelor's degree in Computer Science, Cybersecurity, or related field"",""5+ years of application security experience"",""Knowledge of web application security vulnerabilities"",""Experience with security testing tools and methodologies"",""Understanding of cryptography and secure coding practices"",""Proficiency in multiple programming languages"",""Experience with cloud security and compliance frameworks"",""Strong communication and collaboration skills""]",2025-09-18,https://stripe.com/jobs/listing/senior-security-engineer-application-security,2025-09-19 11:20:33.074575,2025-09-19 11:20:33.074575
1a439a82-b3da-4a80-81b9-babade8e3f4e,Software Engineer III - Search,1,google,"Mountain View, CA",Full-time,Mid-Senior (4-6 years),165000,240000,USD,"Work on Google Search infrastructure and algorithms. Develop and improve search quality, implement new search features, and optimize performance for billions of queries daily.","[""Bachelor's degree in Computer Science or equivalent"",""4+ years of software development experience"",""Proficiency in C++, Java, or Python"",""Experience with large-scale distributed systems"",""Knowledge of machine learning fundamentals"",""Understanding of information retrieval concepts"",""Experience with performance optimization""]",2025-09-18,https://careers.google.com/jobs/results/software-engineer-search,2025-09-19 11:20:33.074575,2025-09-19 11:20:33.074575
2045823c-fd1e-4f46-b5bd-77d702348dca,Senior Data Scientist - Recommendations,2,spotify,"Boston, MA",Full-time,Senior (5-7 years),160000,230000,USD,"Develop machine learning models for Spotify's recommendation systems. Work on music discovery algorithms, user behavior analysis, and personalization systems.","[""PhD or Master's degree in Data Science, Statistics, or related field"",""5+ years of data science experience"",""Expertise in Python, R, and SQL"",""Experience with machine learning frameworks (TensorFlow, PyTorch)"",""Knowledge of recommendation systems and collaborative filtering"",""Understanding of A/B testing and statistical analysis"",""Experience with big data technologies (Spark, Hadoop)"",""Strong communication and visualization skills""]",2025-09-19,https://www.lifeatspotify.com/jobs/senior-data-scientist-recommendations,2025-09-19 11:20:33.074575,2025-09-19 11:20:33.074575
2047ae66-336c-4b29-bf39-73b914e7f30f,Frontend Developer,5,techjockey,Delhi NCR (Delhi / Gurgaon / Noida),Full-time,Mid-Senior,600000,1200000,INR,"Techjockey is looking for a Frontend Developer who is passionate about creating pixel-perfect, performance-optimized web applications. You will work closely with UI/UX designers and backend engineers to deliver outstanding experiences.","[""2–5 years of experience in frontend development"",""Strong proficiency in HTML, CSS, JavaScript"",""Expertise in React.js and modern JavaScript frameworks"",""Experience with RESTful APIs and cross-browser compatibility"",""Good understanding of responsive design and browser rendering behavior"",""Strong debugging and problem-solving skills"",""Experience with version control tools like Git""]",2025-07-15,https://cutshort.io/job/Frontend-Developer-Delhi-NCR-Delhi-Gurgaon-Noida-Techjockey-com-qokceGof,2025-08-02 09:39:11.104949,2025-08-06 10:18:14.757731
25bd6b58-0701-4930-a655-ff1c10bf8774,Frontend Developer,5,kvantum,"Remote, Delhi NCR (Delhi | Gurgaon | Noida), India",Full-time,Mid‑Level,,,INR,"Develop enterprise‑grade, standards‑compliant frontend applications. Translate wireframes into code, build reusable JS libraries and prototypes, optimize performance, and collaborate across teams to shape GUI architecture.","[""2–4 years of professional frontend development experience"",""Expert JavaScript, HTML5, and CSS3 skills"",""At least 1 year of React.js experience"",""Hands-on with JavaScript frameworks (e.g., jQuery)"",""Understanding of design patterns, cross-browser/CSS standards"",""Experience with REST APIs, DOM, caching, page rendering"",""Adept at performance optimization and test-driven development"",""Comfortable in Linux environments and Agile/SCRUM workflows"",""Strong attention to detail, dedication, and problem-solving""]",2025-07-01,https://cutshort.io/job/Frontend-Developer-NCR-Delhi-Gurgaon-Noida-Kvantum-Inc--f3FurLnE,2025-08-02 09:39:11.104949,2025-08-06 10:18:14.757731
26e2ded9-194d-46ea-a38a-fa33cd47c449,Software Engineer - Energy Storage,1,tesla,"Austin, TX",Full-time,Mid Level (3-5 years),135000,185000,USD,"Develop software for Tesla's energy storage systems. Work on battery management, grid integration, and energy optimization algorithms.","[""Bachelor's degree in Computer Science, Engineering, or related field"",""3-5 years of software development experience"",""Proficiency in Python, C++, or similar languages"",""Understanding of electrical systems and power electronics"",""Experience with embedded systems and IoT"",""Knowledge of renewable energy systems"",""Strong problem-solving and analytical skills""]",2025-09-18,https://www.tesla.com/careers/search/job/software-engineer-energy-storage,2025-09-19 11:20:33.074575,2025-09-19 11:20:33.074575
276f0099-d003-4071-b5fc-7e9f08c6db61,UI Designer - Data Visualization,17,tableau,"Seattle, WA",Full-time,Mid Level (3-5 years),110000,150000,USD,Design intuitive interfaces for Tableau's data visualization platform. Create user experiences that help users analyze and understand complex datasets.,"[""Bachelor's degree in Design, Visual Arts, or related field"",""3-5 years of UI/UX design experience"",""Experience with data visualization and analytics tools"",""Proficiency in design tools (Figma, Adobe Creative Suite)"",""Understanding of information architecture and visual hierarchy"",""Knowledge of web technologies (HTML, CSS, JavaScript)"",""Experience with design systems and component libraries"",""Strong visual design and typography skills""]",2025-09-17,https://www.salesforce.com/company/careers/tableau/ui-designer-data-viz,2025-09-19 11:33:51.919151,2025-09-19 11:33:51.919151
27c59053-1cee-40f5-9c60-dec2c7f7f5df,Compensation & Benefits Specialist,11,chegg,"Jasola, New Delhi, India",Full-time,Senior,,,INR,"Design, implement, and manage competitive global compensation and benefits programs. Provide strategic insights, ensure legal compliance, and collaborate with HR and business stakeholders to support talent retention and mobility.","[""Master's degree in HR, Business Administration, or related field"",""5+ years experience in compensation and/or benefits in a global or multinational setting"",""Strong knowledge of international compensation practices and benefits regulations"",""Proficiency with HRIS systems and data analytics tools (e.g., Excel, Workday, SAP SuccessFactors)"",""Excellent analytical, communication, and project‑management skills"",""Certification such as CCP or CEBS is a plus"",""Preferred: experience across multiple regions (India, Americas, Europe)""]",2025-07-01,https://osv-chegg.wd5.myworkdayjobs.com/Chegg/job/Jasola-New-Delhi/Compensation---Benefits-Specialist_R4926-1,2025-08-02 09:39:11.104949,2025-08-06 10:18:14.757731
3064552b-d377-40d0-96d2-131272b10239,Senior Software Engineer - Logistics,1,doordash,"San Francisco, CA",Full-time,Senior (5-7 years),170000,240000,USD,"Build logistics and delivery optimization systems for DoorDash. Work on routing algorithms, demand prediction, and real-time dispatch systems.","[""Bachelor's degree in Computer Science or related field"",""5+ years of software development experience"",""Experience with logistics and optimization algorithms"",""Proficiency in Python, Java, or Go"",""Knowledge of machine learning and data science"",""Understanding of real-time systems and geospatial data"",""Experience with distributed systems and microservices""]",2025-09-19,https://careers.doordash.com/jobs/senior-software-engineer-logistics,2025-09-19 11:20:33.074575,2025-09-19 11:20:33.074575
319ada5c-f1ea-45ff-b98d-04a779aca85b,Staff Backend Engineer - Messaging,6,slack,"San Francisco, CA",Full-time,Staff (8-12 years),200000,300000,USD,"Lead backend development for Slack's messaging infrastructure. Design scalable real-time messaging systems, optimize performance, and mentor engineering teams.","[""Bachelor's or Master's degree in Computer Science"",""8+ years of backend engineering experience"",""Expertise in distributed systems and microservices"",""Experience with real-time messaging and WebSockets"",""Proficiency in Go, Java, or similar languages"",""Knowledge of database design and optimization"",""Leadership and mentoring experience"",""Understanding of scalability and performance optimization""]",2025-09-18,https://slack.com/careers/staff-backend-engineer-messaging,2025-09-19 11:20:33.074575,2025-09-19 11:20:33.074575
35b3a653-f166-404a-ac39-833d906f5b50,Frontend Web Developer (MERN),5,wing,"New Delhi, India (Remote)",Full-time,Mid‑Senior,1200000,2500000,INR,"Join M32 Labs at Wing as a Frontend Web Developer contributing to AI-powered talent management platforms. Build responsive, performant, and accessible interfaces, rapidly prototype features in short cycles, and work closely with AI engineers, product managers, and UX designers in a high-impact, low-bureaucracy environment.","[""Bachelor's or Master's in CS, Software Engineering, or equivalent experience"",""2+ years of professional frontend development with MERN stack (React, Node.js)"",""Proficiency in JavaScript/TypeScript, React/Vue, Tailwind/CSS"",""Experience building from 0→1 in agile/hackathon-style settings"",""Familiarity with backend integration (Node.js, REST/GraphQL APIs)"",""Knowledge of Git workflows, rapid iteration, and remote collaboration"",""Excellent communication, problem-solving, and product-minded engineering skills""]",2025-07-01,https://jobs.lever.co/getwingapp/0af28d14-097e-4612-a225-94bb519c700d/apply,2025-08-02 09:39:11.104949,2025-08-06 10:18:14.757731
3698d0e4-24c1-4cb6-9ff2-4d928c72a2ef,Software Development Engineer I - 2025,1,amazon,"Seattle, WA",Full-time,Entry Level (0-2 years),130000,180000,USD,"Join Amazon to solve business challenges through innovative technology. Work on cutting-edge, scalable services technology in a team environment. You will collaborate with experienced cross-disciplinary Amazonians to conceive, design, and bring to market innovative products and services.","[""Bachelor's degree in Computer Science or equivalent"",""Programming experience in Java, C++, Python, or similar"",""Understanding of computer science fundamentals"",""Experience with data structures and algorithms"",""Strong problem-solving skills"",""Ability to work in an agile development environment"",""Experience with system design principles preferred""]",2025-09-19,https://www.amazon.jobs/en/jobs/2849985/software-development-engineer-i-2025,2025-09-19 11:20:33.074575,2025-09-19 11:20:33.074575
3c1f7e50-9f17-47f0-b270-549dbed28b23,"Sr. Specialist, Global Strategy & Ops (GSO)",2,bain,"Gurugram (New Delhi region), India",Full-time,Mid–Senior (4–8 years),,,USD,"Lead competitive intelligence and analytics support for Bain's Global Strategy & Operations team at the Gurugram GBS office. Drive research, benchmarking, dashboard optimization, and deliver zero-defect insights for senior leadership.","[""4–6 years experience (postgraduate) or 6–8 years (graduate) in consulting, research, or business intelligence"",""Strong data analysis, interpretation, and research skills"",""Proficiency in Excel, PowerPoint, Tableau, Alteryx, and automation (Python preferred)"",""Competency in competitive intelligence and market benchmarking"",""Experience leading, coaching, and mentoring junior team members"",""Excellent communication with technical and non-technical senior stakeholders"",""Ability to manage multiple priorities, tight deadlines, and deliver flawless output"",""First-class degree from a reputed institution""]",2025-07-01,https://www.bain.com/careers/find-a-role/position/?jobid=95830,2025-08-02 09:39:11.104949,2025-08-06 10:18:14.757731
3d3d392e-7c1b-489e-82d9-32d514a99bed,Frontend Developer,5,generic,"Noida, Uttar Pradesh, India",Full-time,Mid‑Level,600000,1000000,INR,We are seeking a skilled Frontend Developer to join our team. You will be responsible for building and optimizing responsive web interfaces using modern JavaScript frameworks. Work closely with backend engineers and designers to deliver high-quality user experiences.,"[""2–5 years of experience in frontend development"",""Strong proficiency in JavaScript, HTML5, and CSS3"",""Hands-on experience with React.js, Angular, or Vue.js"",""Experience with RESTful APIs and asynchronous request handling"",""Familiarity with Git, Webpack, and responsive design principles"",""Good understanding of cross-browser compatibility issues"",""Bachelor's degree in Computer Science or related field""]",2025-07-01,https://www.timesjobs.com/candidate/JobDetailView.html?from=submit&adId=71130659,2025-08-02 09:39:11.104949,2025-08-06 10:18:14.757731
3fd9d833-09f7-4489-8c3e-572643c7dbb7,Software Engineer - Communications APIs,1,twilio,"San Francisco, CA",Full-time,Mid Level (3-5 years),135000,185000,USD,"Develop Twilio's communication APIs for voice, messaging, and video. Build scalable telecommunications infrastructure and developer-friendly APIs.","[""Bachelor's degree in Computer Science or related field"",""3-5 years of software development experience"",""Experience with API development and telecommunications"",""Proficiency in Python, Java, or Node.js"",""Knowledge of distributed systems and networking"",""Understanding of voice and messaging protocols"",""Experience with cloud infrastructure""]",2025-09-19,https://www.twilio.com/company/jobs/software-engineer-communications-apis,2025-09-19 11:20:33.074575,2025-09-19 11:20:33.074575
401eca16-58dd-443b-b0d3-47889db7e251,Senior Software Engineer – Full Stack Technologies,1,hirist,"Gurgaon, Haryana, India (3 PM–12 AM IST)",Full-time,Senior,,,INR,"Join Avive's R&D team to design, develop, deploy, and maintain end-to-end web and mobile-facing systems on the public cloud. Build reusable frontend and backend components, optimize UI performance, bridge wireframes with backend services, and deliver robust technical documentation.","[""5+ years delivering consumer‑facing web apps"",""2+ years deep expertise with Angular or React, HTML, CSS, JavaScript (ES6+)"",""3+ years using Git"",""Experience with RESTful APIs (Postman, Swagger) and CI/CD tooling (Selenium, CodeBuild, GitHub Actions)"",""Proficient with Docker and public cloud environments"",""BS in CS or Engineering (or equivalent experience)"",""Optional skills: Python/Django, MySQL, MongoDB/NoSQL, React Native, Agile/Scrum""]",2025-06-09,https://www.hirist.tech/j/trans-org-analytics-senior-software-engineer-full-stack-technologies-1492858,2025-08-02 09:39:11.104949,2025-08-06 10:18:14.757731
4093b698-1bb7-47d3-95fa-d7c214ff0ed4,Software Engineer II - Azure,1,microsoft,"Redmond, WA",Full-time,Mid Level (3-5 years),145000,200000,USD,"Join the Azure team to build next-generation cloud services. Work on large-scale distributed systems, implement new Azure features, and contribute to Microsoft's cloud platform used by enterprises worldwide.","[""Bachelor's degree in Computer Science, Engineering, or related field"",""3-5 years of software development experience"",""Experience with C#, Java, or Python"",""Knowledge of cloud platforms and services"",""Experience with RESTful APIs and microservices"",""Understanding of DevOps practices"",""Experience with SQL and NoSQL databases""]",2025-09-19,https://careers.microsoft.com/us/en/job/software-engineer-azure,2025-09-19 11:20:33.074575,2025-09-19 11:20:33.074575
430284ca-a56a-44b7-a55b-0d7cad2501d0,Territory Business Manager – Quantus,12,abbott,"Mumbai (Vasai to Virar), Maharashtra, India",Full-time,Associate/Specialist,,,INR,"Drive business development in the Quantus territory. Conduct market research and feasibility studies, analyze sales and competitive data, and prepare materials for client and partner engagement to support strategic decision-making.","[""Associate degree or equivalent"",""Market research and analytical skills"",""Ability to compile and analyze financial, sales, and competitive data"",""Strong presentation and documentation capabilities"",""Willingness to travel within territory and stand for extended periods"",""Excellent communication and interpersonal skills""]",2025-04-01,https://www.jobs.abbott/us/en/job/31120912/Territory-Business-Manager---Quantus---Mumbai--Vasai-to-Virar-_31120912-4,2025-08-02 09:39:11.104949,2025-08-06 10:18:14.757731
45410a70-09f8-4dc9-9381-c35aa9adee78,FinTech Software Engineer - Trading Systems,23,coinbase,"Chicago, IL",Full-time,Senior (5-7 years),165000,240000,USD,"Build high-frequency trading systems and cryptocurrency exchange infrastructure. Work on order matching engines, risk management, and market data systems.","[""Bachelor's degree in Computer Science, Finance, or related field"",""5+ years of financial systems development"",""Experience with high-frequency trading and market microstructure"",""Proficiency in C++, Java, or Rust"",""Knowledge of cryptocurrency and blockchain protocols"",""Understanding of financial regulations and compliance"",""Experience with low-latency systems and optimization"",""Strong mathematical and quantitative skills""]",2025-09-19,https://www.coinbase.com/careers/positions/fintech-engineer-trading-systems,2025-09-19 11:33:51.919151,2025-09-19 11:33:51.919151
49c72dc2-371c-48be-a185-6672e2a1303b,Quantum Software Engineer,1,ibm,"Yorktown Heights, NY",Full-time,Senior (5-7 years),150000,220000,USD,"Develop software for IBM's quantum computing systems. Work on quantum algorithms, compiler optimization, and quantum software development tools.","[""PhD in Physics, Computer Science, or related field"",""5+ years of quantum computing experience"",""Knowledge of quantum algorithms and protocols"",""Experience with quantum programming languages (Qiskit, Cirq)"",""Understanding of quantum error correction"",""Proficiency in Python, C++, or similar languages"",""Strong mathematical and theoretical background"",""Research experience in quantum computing preferred""]",2025-09-18,https://www.ibm.com/careers/job/quantum-software-engineer,2025-09-19 11:20:33.074575,2025-09-19 11:20:33.074575
4ada37d3-fc36-499d-bf25-5312e9d70ba6,Senior Software Engineer - Maps,1,uber,"San Francisco, CA",Full-time,Senior (5-7 years),175000,250000,USD,"Develop mapping and routing systems for Uber's ride-sharing platform. Work on real-time location services, route optimization, and geospatial algorithms.","[""Bachelor's degree in Computer Science or related field"",""5+ years of software development experience"",""Experience with geospatial systems and mapping"",""Proficiency in Go, Python, or Java"",""Knowledge of distributed systems and microservices"",""Understanding of real-time data processing"",""Experience with location-based services""]",2025-09-18,https://www.uber.com/careers/list/senior-software-engineer-maps,2025-09-19 11:20:33.074575,2025-09-19 11:20:33.074575
4cc0e644-d548-4383-87ec-d4e426866569,Frontend Developer,5,techjockey,Delhi NCR (Delhi / Gurgaon / Noida),Full-time,Mid-Senior,600000,1200000,INR,"Develop pixel-perfect, performance-optimized web applications.","[""2–5 years of experience in frontend development"",""Strong proficiency in HTML, CSS, JavaScript"",""Expertise in React.js and modern JavaScript frameworks""]",2025-07-15,https://cutshort.io/job/Frontend-Developer-Delhi-NCR-Delhi-Gurgaon-Noida-Techjockey-com-qokceGof,2025-08-02 05:15:43.27171,2025-08-06 10:18:14.757731
4ced2aab-90ed-447d-958d-ce3dee0009b7,Senior Consultant – Power Markets,15,icf,Remote (USA),Full-time,Senior (5+ years),,,USD,"Provide consulting expertise in modeling, analysis, and advisory services for U.S. electric power markets. Work on market design, policy impacts, decarbonization, and grid economics with ICF's Energy Advisory team.","[""Master's or advanced degree in Energy, Economics, Engineering, or related field"",""5+ years of experience in power markets, energy consulting, or related sectors"",""Hands-on experience with power market modeling tools (PROMOD, PLEXOS, Aurora, or similar)"",""Strong quantitative, analytical, and problem-solving skills"",""Exceptional written and verbal communication skills"",""In-depth understanding of electricity market operations (RTO/ISO/PJM/CAISO etc.)"",""Ability to manage client relationships and deliver actionable insights""]",2025-07-01,https://careers.icf.com/us/en/job/IIIIIIUSR2501063EXTERNALENUS/Senior-Consultant-Power-Markets,2025-08-02 09:39:11.104949,2025-08-06 10:18:14.757731
4da07b27-49fa-4932-afc5-b9a8352d71aa,Senior Frontend Developer,5,hirist,"Delhi, India",Full-time,Mid-Senior,,,INR,"Develop fast, responsive, and intuitive web interfaces. Implement mobile‑responsive web pages and web forms with CRM integration. Work on API integrations for dynamic communications, and translate UI/UX mockups into high‑quality frontend code. Ensure cross‑browser/platform compatibility, performance, and maintainability.","[""Associate degree in technology-related field (bachelor's preferred)"",""3+ years of frontend development experience in a startup or similar environment"",""Hands-on with Angular 2+, React.js or React Native"",""Strong JS proficiency and production-grade HTML/CSS/SASS skills"",""Familiarity with web standards and accessibility (W3C, s508)"",""Good understanding of web app architecture and cross-browser/platform constraints"",""Experience with unit test frameworks (Karma, Jasmine, Mocha, Chai)"",""Excellent problem-solving, communication, and collaboration skills"",""Ability to multitask and work to deadlines in fast-paced environments""]",2025-06-29,https://www.hirist.tech/j/senior-frontend-developer-1504263,2025-08-02 09:39:11.104949,2025-08-06 10:18:14.757731
502ad7da-abec-453c-980a-2f2a3b2ec64e,New Graduate Software Engineer,1,google,"Austin, TX",Full-time,Entry Level (0-1 years),120000,160000,USD,"Join Google as a new graduate software engineer. Work on large-scale systems, contribute to open source projects, and grow your skills with mentorship from senior engineers.","[""Bachelor's or Master's degree in Computer Science or related field"",""Strong programming skills in one or more languages"",""Understanding of algorithms and data structures"",""Internship experience preferred"",""Strong problem-solving abilities"",""Excellent communication skills"",""Passion for technology and innovation""]",2025-09-19,https://careers.google.com/jobs/results/new-graduate-software-engineer,2025-09-19 11:20:33.074575,2025-09-19 11:20:33.074575
5244d502-4ad3-4ae8-9218-b51a1e2f7dc3,Technical Security Specialist – Senior,3,fedex,"New Delhi, India",Full-time,Senior (5+ years),,,USD,"Acts as a technical expert in security technology, standards, policy compliance, and analytics. Supports and leads projects involving complex security systems for FedEx AMEA.","[""Technical expert in Security Technology, security standards policy & compliance, and security analytics"",""High accuracy, attention to detail, analytical and problem-solving skills"",""Strong judgement, decision-making, and verbal/written communication"",""Supports management in analysis, interpretation, and application of complex information"",""Ability to support or lead complex security projects""]",2025-07-01,https://careers.fedex.com/m46h0-technical-security-specialist-senior/job/9EE4B8FE8747BD856EF0101371A7B5B8,2025-08-02 09:39:11.104949,2025-08-06 10:18:14.757731
587a883f-5b89-498a-8197-21a45697272a,Senior QA Engineer - Automation,18,workday,"Pleasanton, CA",Full-time,Senior (5-7 years),125000,170000,USD,"Lead test automation initiatives for Workday's HCM platform. Build automated testing frameworks, ensure software quality, and mentor QA team members.","[""Bachelor's degree in Computer Science or related field"",""5+ years of QA and test automation experience"",""Expertise in test automation frameworks (Selenium, Cypress)"",""Experience with programming languages (Java, Python, JavaScript)"",""Knowledge of CI/CD pipelines and DevOps practices"",""Understanding of enterprise software and SaaS platforms"",""Experience with API testing and performance testing"",""Strong analytical and problem-solving skills""]",2025-09-18,https://workday.wd5.myworkdayjobs.com/Workday/job/senior-qa-engineer-automation,2025-09-19 11:33:51.919151,2025-09-19 11:33:51.919151
5c6b6617-d3e2-45cc-afeb-df073b3bc5ab,Regional Medical Director,13,internationalsos,"New Delhi, India",Full-time,Senior (10+ years),,,USD,"Lead the delivery of medical assistance services across the region. Ensure clinical governance, quality control, and client satisfaction while mentoring the medical team and driving operational excellence.","[""Medical degree (MBBS/MD or equivalent)"",""10+ years of clinical experience with managerial responsibilities"",""Experience in remote or emergency medical care preferred"",""Strong leadership and team management skills"",""Excellent communication and client-facing abilities"",""Ability to work under pressure and manage crisis situations"",""Willingness to travel across the region as required""]",2025-07-01,https://opportunities.internationalsos.com/careers/job/563980759701678,2025-08-02 09:39:11.104949,2025-08-06 10:18:14.757731
5cac36b3-caec-408d-a5d3-94ac2d611e79,Gameplay Engineer - Unreal Engine,21,epic,"Seattle, WA",Full-time,Senior (5-7 years),140000,190000,USD,Develop gameplay systems and features for Unreal Engine. Work on tools and frameworks used by game developers worldwide to create interactive experiences.,"[""Bachelor's degree in Computer Science, Game Development, or related field"",""5+ years of game development experience"",""Expertise in Unreal Engine and C++"",""Experience with gameplay programming and game systems"",""Knowledge of 3D mathematics and physics simulation"",""Understanding of game optimization and performance"",""Experience with multiplayer and networked games"",""Strong problem-solving and debugging skills""]",2025-09-17,https://www.epicgames.com/site/careers/jobs/gameplay-engineer-unreal-engine,2025-09-19 11:33:51.919151,2025-09-19 11:33:51.919151
5cbc0cc5-c305-418c-9034-5a22872aa0a6,Software Engineer - Spark Runtime,1,databricks,"San Francisco, CA",Full-time,Senior (5-7 years),170000,250000,USD,"Develop and optimize Apache Spark runtime for Databricks platform. Work on query optimization, distributed computing, and performance improvements.","[""Bachelor's or Master's degree in Computer Science"",""5+ years of distributed systems experience"",""Deep knowledge of Apache Spark and big data technologies"",""Proficiency in Scala, Java, or Python"",""Experience with query optimization and databases"",""Understanding of distributed computing principles"",""Open source contribution experience preferred""]",2025-09-17,https://databricks.com/company/careers/open-positions/software-engineer-spark-runtime,2025-09-19 11:20:33.074575,2025-09-19 11:20:33.074575
5e1b3972-aadc-4b15-a645-949b096728b4,Software Engineer - Trust & Safety,1,airbnb,"San Francisco, CA",Full-time,Mid Level (3-5 years),150000,210000,USD,"Build systems to ensure safety and trust on Airbnb platform. Develop fraud detection, identity verification, and risk assessment systems.","[""Bachelor's degree in Computer Science or related field"",""3-5 years of software development experience"",""Experience with machine learning and data analysis"",""Proficiency in Python, Java, or Scala"",""Knowledge of security and fraud detection systems"",""Understanding of data privacy and compliance"",""Experience with A/B testing and analytics""]",2025-09-19,https://careers.airbnb.com/positions/software-engineer-trust-safety,2025-09-19 11:20:33.074575,2025-09-19 11:20:33.074575
637e8ebc-d698-4612-ba1c-65b6a82fc68d,Technical Specialist – MS Systems,8,ntt,"New Delhi, India",Full-time,Mid–Senior (5+ years),,,USD,"Provide specialized Microsoft systems support within NTT's global services framework. Manage system deployments, troubleshoot complex issues, and ensure stable, secure environments for enterprise clients.","[""5+ years hands-on experience with Microsoft server technologies (Windows Server, Active Directory, Exchange, SQL Server)"",""Expertise in system deployment, configuration, and management"",""Strong troubleshooting skills for complex technical issues"",""Experience in enterprise IT environments and client-facing support"",""Familiarity with ITIL processes and change management"",""Excellent communication and documentation skills""]",2025-07-01,https://careers.services.global.ntt/global/en/job/R-113682/apply,2025-08-02 09:39:11.104949,2025-08-06 10:18:14.757731
63b463f0-85fe-4c96-89d3-a57688d050a2,"Full Stack Developer (MERN, LLMs)",1,wing,"New Delhi, India (Remote)",Full-time,Mid‑Senior,1500000,5000000,INR,"Join M32 Labs (Wing) as a founding Full Stack Developer in a fast-paced R&D environment. Work on AI-powered talent management platforms, building responsive interfaces and backend APIs, integrating with LLMs, and contributing to DevOps and system design.","[""2+ years of experience in Full Stack or Software Engineering roles"",""Proficient in front-end tech: JavaScript/TypeScript + React, Vue, etc."",""Backend experience building APIs with Node.js, Python, or similar"",""Hands-on with LLM APIs (e.g. GPT, Anthropic)"",""Experience with databases (SQL or NoSQL)"",""Familiar with Docker/Kubernetes and CI/CD pipelines"",""Skilled with cloud platforms (AWS, GCP, Azure)"",""Comfortable with Linux CLI and server setups"",""Familiarity with PHP, GraphQL, Terraform is a plus"",""Strong communication, problem-solving, and rapid iteration mindset""]",2025-07-01,https://jobs.lever.co/getwingapp/020c14c7-2f64-463f-849d-a8bd63fb1850/apply,2025-08-02 09:39:11.104949,2025-08-06 10:18:14.757731
63c04417-0b5c-464d-8b6c-6cd021d93610,Senior Software Engineer (iOS Android Fullstack),1,bp,"Pune, India",Full-time,Senior,,,USD,Join BP's technology team to develop innovative mobile and full-stack solutions. Work on iOS and Android applications while contributing to full-stack development initiatives that support BP's digital transformation and energy transition goals.,"[""Bachelor's degree in Computer Science, Engineering, or related field"",""5+ years of experience in mobile development (iOS/Android)"",""Strong experience in full-stack development"",""Proficiency in Swift, Objective-C, Java, Kotlin"",""Experience with React Native or Flutter"",""Knowledge of web technologies (HTML, CSS, JavaScript)"",""Experience with backend technologies and APIs"",""Understanding of agile development methodologies"",""Strong problem-solving and analytical skills""]",2025-09-19,https://bpinternational.wd3.myworkdayjobs.com/bpCareers/job/India---Pune/Senior-Software-Engineer--iOS-Android-Fullstack_RQ093412-1?source=Appcast_Indeed,2025-09-19 10:46:35.225214,2025-09-19 10:46:35.225214
64e218ed-4f44-49da-aac3-9e3214b743b8,Senior Software Engineer - Search Ads,1,microsoft,"Bangalore, India",Full-time,Senior (5-7 years),28000,40000,USD,"Build advertising systems for Microsoft Search and Bing. Develop ad serving infrastructure, auction mechanisms, and optimization algorithms for search advertising.","[""Bachelor's or Master's degree in Computer Science"",""5+ years of software development experience"",""Experience with large-scale distributed systems"",""Knowledge of machine learning and optimization algorithms"",""Proficiency in C#, Java, or Python"",""Understanding of advertising systems and auctions"",""Experience with real-time bidding and ad serving"",""Strong analytical and problem-solving skills""]",2025-09-17,https://careers.microsoft.com/us/en/job/senior-software-engineer-search-ads-bangalore,2025-09-19 11:20:33.074575,2025-09-19 11:20:33.074575
656f0fcc-4f7a-4086-b06d-fd20b0b1a7df,Frontend Developer,5,techjockey,"Delhi NCR, India",Full-time,Mid‑Senior,500000,900000,INR,"Join Techjockey.com to develop front-end applications at scale. Work closely with designers and back-end developers to optimize UI performance, implement responsive, SEO/accessibility-conscious web interfaces, and maintain high code quality standards.","[""4–6 years of Front‑end development experience at scale"",""Strong skills in JavaScript, CSS, Angular, AJAX, jQuery, React, Node.js"",""Experience with CSS preprocessors (SASS/LESS), Bootstrap"",""In-depth understanding of web development process, cross‑browser/device compatibility, SEO"",""Familiar with WordPress theme integration and template customization"",""Ability to write W3C‑validated, SEO‑friendly code""]",2025-07-01,https://cutshort.io/job/Frontend-Developer-Delhi-NCR-Delhi-Gurgaon-Noida-Techjockey-com-qokceGof,2025-08-02 09:39:11.104949,2025-08-06 10:18:14.757731
66e7f102-b97e-4ed4-a91d-b9e5000089bf,Applied AI Engineer - Computer Vision,25,nvidia,"Tel Aviv, Israel",Full-time,Senior (5-7 years),120000,160000,USD,"Develop computer vision applications using NVIDIA's AI platform. Work on autonomous vehicles, robotics, and healthcare AI solutions using GPU-accelerated computing.","[""Master's degree in Computer Science, AI, or related field"",""5+ years of computer vision and deep learning experience"",""Expertise in CUDA, TensorRT, and NVIDIA AI platforms"",""Experience with computer vision frameworks (OpenCV, YOLO)"",""Knowledge of autonomous driving or robotics applications"",""Proficiency in Python, C++, and PyTorch/TensorFlow"",""Understanding of real-time inference and optimization"",""Strong problem-solving and research skills""]",2025-09-18,https://nvidia.wd5.myworkdayjobs.com/NVIDIAExternalCareerSite/job/applied-ai-engineer-computer-vision-tel-aviv,2025-09-19 11:33:51.919151,2025-09-19 11:33:51.919151
69105a7c-b6f9-4bd2-b4cd-ef99ad81bb75,Senior Software Developer - Commerce Platform,1,shopify,"Toronto, ON",Full-time,Senior (5-7 years),145000,200000,CAD,"Build and scale Shopify's e-commerce platform. Develop merchant tools, payment systems, and platform APIs used by millions of businesses.","[""Bachelor's degree in Computer Science or related field"",""5+ years of web development experience"",""Proficiency in Ruby on Rails, JavaScript, or Go"",""Experience with e-commerce and payment systems"",""Knowledge of database optimization and caching"",""Understanding of API design and microservices"",""Experience with cloud platforms and scaling""]",2025-09-18,https://www.shopify.ca/careers/senior-software-developer-commerce-platform,2025-09-19 11:20:33.074575,2025-09-19 11:20:33.074575
6b2b5d92-c056-45b0-b6f5-eb8e9e0b992a,Senior Data Scientist - Infosys Cobalt,2,infosys,"Bangalore, Hyderabad, Pune, Chennai, India",Full-time,Senior (5+ years),,,INR,"Join Infosys Cobalt, our cloud-first portfolio of services, solutions and platforms, as a Senior Data Scientist. Work on enterprise-scale AI and analytics solutions, helping clients accelerate their cloud journey while building next-generation data science capabilities.","[""5+ years of experience in data science and advanced analytics"",""Expertise in machine learning, deep learning, and AI technologies"",""Strong programming skills in Python, R, Scala, and SQL"",""Experience with cloud-native data science platforms and tools"",""Proficiency in big data ecosystem (Spark, Hadoop, Kafka, Databricks)"",""Knowledge of MLOps, model deployment, and production systems"",""Experience with containerization (Docker, Kubernetes) and microservices"",""Master's degree in Computer Science, Statistics, Mathematics, or related field preferred"",""Experience leading data science teams and mentoring junior data scientists"",""Industry certifications in cloud platforms (AWS, Azure, GCP) preferred""]",2025-09-19,https://www.infosys.com/careers/,2025-09-19 11:03:37.973211,2025-09-19 11:03:37.973211
6cdc8234-51d5-40c1-aa42-154dd96a57b3,Sr. Frontend Developer,5,cerebry,"Faridabad, NCR (Delhi | Gurgaon | Noida), India",Full-time,Senior,800000,1200000,INR,"Lead frontend development of scalable React/Redux applications, optimize UI performance, ensure technical feasibility of designs, and build efficient, maintainable codebases.","[""5–8 years of overall frontend development experience"",""2+ years of ReactJS and Redux experience (including SSR)"",""Proficient in HTML5, CSS3, LESS/SASS"",""Deep understanding of asynchronous requests, AJAX, DOM, cross-browser compatibility"",""Experience with Git/SVN"",""Familiarity with Preact and charting frameworks (Highcharts, D3JS) a plus"",""Bachelor's degree in CS, MCA, or equivalent""]",2025-07-01,https://cutshort.io/job/Frontend-Developer-Faridabad-NCR-Delhi-Gurgaon-Noida-Cerebry-59bK6prl,2025-08-02 09:39:11.104949,2025-08-06 10:18:14.757731
6d342020-fd71-4885-9c07-9d8f080c3d87,"Manager, Business Operations",14,qualcomm,"New Delhi, India",Full-time,Senior (8+ years),,,USD,Lead business operations initiatives across engineering and operations teams at Qualcomm India.,"[""8+ years in business operations, program or project management"",""Experience in global tech/semiconductor environments"",""Strong analytical and problem-solving skills""]",2025-07-01,https://careers.qualcomm.com/careers/job/446706361287,2025-08-02 05:15:43.27171,2025-08-06 10:18:14.757731
6e90d90a-6b20-4367-a53d-53927aaedb7d,Embedded Software Engineer - IoT Devices,22,amazon,"Lab126, Sunnyvale, CA",Full-time,Senior (5-7 years),150000,210000,USD,"Develop embedded software for Amazon's IoT devices including Echo, Fire TV, and Ring products. Work on device drivers, real-time systems, and hardware integration.","[""Bachelor's degree in Electrical Engineering, Computer Science, or related field"",""5+ years of embedded software development"",""Proficiency in C/C++ and assembly language"",""Experience with microcontrollers and ARM processors"",""Knowledge of real-time operating systems (RTOS)"",""Understanding of hardware interfaces (I2C, SPI, UART)"",""Experience with IoT protocols and wireless communication"",""Strong debugging and hardware troubleshooting skills""]",2025-09-18,https://www.amazon.jobs/en/jobs/embedded-software-engineer-iot-lab126,2025-09-19 11:33:51.919151,2025-09-19 11:33:51.919151
6fd84bea-01e3-41a4-a793-d473747558f7,Frontend Developer,5,clickpost,"Remote, Delhi NCR (Delhi | Gurgaon | Noida), India",Full-time,Mid‑Level,600000,800000,INR,"Build reusable, high‑performance frontend components and responsive web apps using modern JS frameworks. Optimize for mobile, maintain brand consistency, and collaborate through code reviews and automation.","[""2+ years experience in OO JavaScript and frontend frameworks"",""Expertise in HTML5, CSS3, JavaScript"",""Familiar with SASS/Bootstrap, CSS Grid"",""Proficient with React, AngularJS, jQuery"",""Good understanding of async requests, AJAX, partial page updates"",""Experience with webpack, gulp (module bundlers)"",""Skilled in graphic UI tools (Figma, Sketch, Adobe XD, PSD to HTML)"",""Experience with version control (Git, Mercurial, SVN)"",""Nice to have: knowledge of Node.js, Python, isomorphic React""]",2025-07-01,https://cutshort.io/job/Frontend-Developer-NCR-Delhi-Gurgaon-Noida-Clickpost-lkwNBO9l,2025-08-02 09:39:11.104949,2025-08-06 10:18:14.757731
709d3a45-2ea3-4d06-9153-c4704c90bffd,Senior Consultant – Power Markets,15,icf,Remote (USA),Full-time,Senior,,,USD,"Work with ICF's Energy Advisory team to model and analyze U.S. power markets. Contribute to client solutions in the areas of decarbonization, market design, policy impact, and grid economics.","[""Master's degree in Energy, Economics, Engineering, or related field"",""5+ years experience in power markets or energy consulting"",""Expertise in modeling tools (e.g., PROMOD, PLEXOS, Aurora)"",""Strong quantitative and analytical skills"",""Excellent communication and presentation abilities"",""Familiarity with RTO/ISO market operations""]",2025-07-01,https://careers.icf.com/us/en/job/IIIIIIUSR2501063EXTERNALENUS/Senior-Consultant-Power-Markets,2025-08-02 09:39:11.104949,2025-08-06 10:18:14.757731
73df495f-01e3-459d-872e-1765e400d5f2,Data Scientist - Machine Learning,2,google,"San Francisco, CA",Full-time,Senior,140000,200000,USD,Build and deploy machine learning models for recommendation systems.,"[""PhD in Data Science/ML"",""Python/R expertise"",""Big data technologies""]",2024-12-28,https://example.com/job/7,2025-08-02 05:15:43.27171,2025-08-06 10:18:14.757731
78951055-6c67-42ce-ae25-998dd5970f53,Senior Software Engineer - Query Processing,1,snowflake,"San Mateo, CA",Full-time,Senior (6-8 years),185000,270000,USD,"Build and optimize Snowflake's query processing engine. Work on SQL optimization, distributed query execution, and performance improvements for cloud data warehouse.","[""Bachelor's or Master's degree in Computer Science"",""6+ years of database or distributed systems experience"",""Deep understanding of SQL and query optimization"",""Proficiency in C++, Java, or similar languages"",""Experience with distributed query processing"",""Knowledge of columnar storage and compression"",""Understanding of cloud infrastructure""]",2025-09-18,https://careers.snowflake.com/us/en/job/senior-software-engineer-query-processing,2025-09-19 11:20:33.074575,2025-09-19 11:20:33.074575
7915e6df-df8e-49ee-a7dd-858eb4e36b1d,Associate Software Engineer,1,microsoft,"Atlanta, GA",Full-time,Entry Level (0-2 years),105000,140000,USD,"Start your career at Microsoft working on cloud services and enterprise software. Contribute to Azure, Office 365, and other Microsoft products with guidance from experienced mentors.","[""Bachelor's degree in Computer Science, Engineering, or related field"",""Programming experience in C#, Java, Python, or JavaScript"",""Understanding of software development lifecycle"",""Knowledge of database systems and web technologies"",""Strong analytical and problem-solving skills"",""Ability to work in collaborative team environment"",""Internship or project experience preferred""]",2025-09-18,https://careers.microsoft.com/us/en/job/associate-software-engineer,2025-09-19 11:20:33.074575,2025-09-19 11:20:33.074575
799d2ed3-ae4f-4c1e-918b-f2e23d9e52ea,Data Engineer - Content Analytics,2,netflix,"Los Angeles, CA",Full-time,Mid-Senior (4-6 years),170000,240000,USD,Build data pipelines for content recommendation and analytics. Work with big data technologies to process viewing patterns and optimize content discovery.,"[""Bachelor's degree in Computer Science, Engineering, or related field"",""4+ years of data engineering experience"",""Proficiency in Python, Scala, or Java"",""Experience with Spark, Kafka, and Hadoop"",""Knowledge of data warehousing and ETL processes"",""Understanding of machine learning pipelines"",""Experience with cloud platforms (AWS, GCP)""]",2025-09-17,https://jobs.netflix.com/jobs/data-engineer-content-analytics,2025-09-19 11:20:33.074575,2025-09-19 11:20:33.074575
79ca9800-0079-4628-8f98-a4b6b0e66921,Data Scientist - Digital Innovation,2,tcs,"Chennai, Bangalore, Hyderabad, Pune, Kolkata, India",Full-time,Mid-Senior,,,INR,"Join TCS Digital Innovation team to work on cutting-edge data science projects for global clients. Leverage advanced analytics, machine learning, and AI to drive business transformation and deliver innovative solutions across various industry verticals.","[""4-8 years of experience in data science and machine learning"",""Strong expertise in Python, R, and SQL programming"",""Experience with machine learning algorithms, statistical modeling, and predictive analytics"",""Proficiency in big data technologies (Hadoop, Spark, Kafka)"",""Knowledge of cloud platforms and services (AWS, Azure, GCP)"",""Experience with deep learning and neural networks"",""Strong data visualization and storytelling skills"",""Bachelor's or Master's degree in Computer Science, Statistics, Mathematics, or Engineering"",""Experience in digital transformation projects"",""Client engagement and project management experience preferred""]",2025-09-19,https://www.tcs.com/careers/career-with-tcs,2025-09-19 11:03:37.973211,2025-09-19 11:03:37.973211
7cfa4486-3a51-4f94-9e63-9460a47fd8a1,"Manager, Software Engineering - Backend, ITC",14,nike,India (Global Technology),Full-time,Senior (7-10 years),,,USD,"Lead an engineering team building solutions for Nike's internal Supply Chain Planning Technology. You will be part of the larger Global Technology organization, working on software projects to achieve Nike's business objectives while managing and developing team members in a collaborative, multi-discipline environment.","[""7 to 10 years of professional experience, with minimum 3+ years management experience of high performing software engineering teams"",""Leadership in a highly collaborative, multi-discipline development team environment"",""Experience working in a distributed/cloud-based environment (e.g. AWS, GCP, Azure etc.)"",""Experience in designing and implementing highly scalable web applications"",""Experience in micro service architecture, domain driven design, and RESTful Services using languages such as Java, Node, or Scala"",""Exposure to NoSQL data stores like Cassandra, DynamoDB, or MongoDB"",""Exposure to relational data stores like MySQL and Oracle"",""Exposure to monitoring and tracing tools like Splunk, SignalFx and New Relic"",""Exposure to continuous integration, unit testing, static analysis, and automated integration tests"",""Exposure to Supply Chain domain areas like inventory management, order management, logistics management, warehouse management"",""Exposure to implementing or integrating with enterprise scale packages like SAP S4, IBM Sterling, Manhattan WMS"",""Working knowledge of Scrum and agile principles"",""Comfortable working in a fast-paced, results-oriented environment"",""Comfortable working with globally distributed and diverse teams"",""Excellent verbal and written communication and collaboration skills"",""Bachelor's degree in computer science, Information Systems, or other relevant subject area, or equivalent experience""]",2025-09-19,https://careers.nike.com/manager-software-engineering-backend-itc/job/R-68400?source=BY_Indeed_AppFeeder&utm_source=BY_Indeed_AppFeeder,2025-09-19 10:46:35.225214,2025-09-19 10:46:35.225214
7d08ba21-e1c7-42c1-a889-020fb345db08,Senior Embedded Engineer - Automotive,22,tesla,"Fremont, CA",Full-time,Senior (6-8 years),145000,200000,USD,"Develop embedded systems for Tesla vehicles. Work on vehicle control units, infotainment systems, and autonomous driving hardware integration.","[""Bachelor's or Master's degree in Electrical/Computer Engineering"",""6+ years of automotive embedded systems experience"",""Expertise in C/C++ and real-time systems"",""Experience with automotive standards (ISO 26262, AUTOSAR)"",""Knowledge of CAN, LIN, and Ethernet protocols"",""Understanding of functional safety and FMEA"",""Experience with embedded Linux and QNX"",""Strong system integration and testing skills""]",2025-09-17,https://www.tesla.com/careers/search/job/senior-embedded-engineer-automotive,2025-09-19 11:33:51.919151,2025-09-19 11:33:51.919151
7fef3690-c6e0-4a26-a853-8908bcca0b00,Senior Software Engineer - Video Platform,1,zoom,"San Jose, CA",Full-time,Senior (5-7 years),165000,230000,USD,"Develop Zoom's video conferencing platform. Work on video processing, real-time communication, and performance optimization for global scale.","[""Bachelor's degree in Computer Science or related field"",""5+ years of software development experience"",""Experience with video processing and real-time systems"",""Proficiency in C++, Java, or similar languages"",""Knowledge of networking protocols and optimization"",""Understanding of multimedia and codecs"",""Experience with distributed systems and scaling""]",2025-09-17,https://zoom.wd5.myworkdayjobs.com/Zoom/job/senior-software-engineer-video-platform,2025-09-19 11:20:33.074575,2025-09-19 11:20:33.074575
81ffc77c-ede1-475d-80ef-5457a45b04e3,Data Scientist - AI & Analytics,2,wipro,"Bangalore, Hyderabad, Chennai, Pune, India",Full-time,Mid-Senior,,,INR,"Join Wipro AI & Analytics practice to work on transformative data science projects. Build intelligent solutions using advanced analytics, machine learning, and AI to help clients across industries solve complex business challenges and drive digital transformation.","[""3-6 years of experience in data science and analytics"",""Strong foundation in statistics, mathematics, and machine learning"",""Proficiency in Python, R, and SQL programming"",""Experience with machine learning libraries (scikit-learn, pandas, numpy)"",""Knowledge of deep learning frameworks (TensorFlow, PyTorch)"",""Experience with data visualization tools and techniques"",""Understanding of cloud computing and distributed systems"",""Bachelor's or Master's degree in quantitative field"",""Experience in agile development methodologies"",""Strong communication skills for stakeholder management""]",2025-09-19,https://careers.wipro.com/careers-home/,2025-09-19 11:03:37.973211,2025-09-19 11:03:37.973211
84cc2cb6-5cac-4b92-8599-4c867ac99fa6,Technical Content Strategist,19,redis,"Mountain View, CA",Full-time,Mid Level (4-6 years),110000,150000,USD,"Develop content strategy for Redis developer community. Create technical content, manage documentation projects, and engage with open source community.","[""Bachelor's degree in Communications, Marketing, or technical field"",""4+ years of technical content and community experience"",""Experience with open source communities and developer relations"",""Knowledge of database and caching technologies"",""Strong writing and content creation skills"",""Understanding of developer audience and personas"",""Experience with content management and publishing platforms"",""Social media and community engagement experience""]",2025-09-18,https://redis.com/company/careers/jobs/technical-content-strategist,2025-09-19 11:33:51.919151,2025-09-19 11:33:51.919151
8a037b7c-8848-48c9-8468-3fcfc41279b7,SW Senior Engineer (Automation Developer - Python),1,dell,"Bangalore, India",Full-time,Senior (5-8 years),,,USD,"Join the Software Engineering team to deliver next-generation application enhancements and new products. Develop sophisticated systems and software for BIOS/EFI firmware for Dell's Enterprise systems. Work with an experienced team to develop and enhance automation suite using Python, contribute to architecture design, and automate CI/CD processes.","[""BSCE, or equivalent degree"",""5-8 years of work experience in Automation development using Python language"",""Good Experience on python testing modules (unittest, pytest, nosetest)"",""Good Experience in developing Automation Framework from Scratch and using open source frameworks"",""Experience in Jenkins, GitHub, CI/CD"",""Good to have Automation Experience in BIOS/UEFI or Pre-OS Environment"",""Good to have exposure to ELK framework"",""Good to have knowledge and experience in working with JavaScript and HTML5""]",2025-09-19,https://jobs.dell.com/en/job/-/-/375/84100593408?p_sid=7-IX2cb&p_uid=1VjbVIDDvX&source=rd_indeed_programmatic_jobs&ss=paid&utm_campaign=india_25&utm_content=pj_board&utm_medium=jobad&utm_source=indeed,2025-09-19 10:46:35.225214,2025-09-19 10:46:35.225214
8c3b970a-4918-4bb0-92a0-b0e040c961b2,SOC Support Engineer III – AWS SOC Security Support Engineer,3,amazon,"Seattle, WA (or remote)",Full-time,Senior,120000,180000,USD,Support AWS Security Operations Center to maintain a secure cloud environment.,"[""3+ years security operations"",""AWS security knowledge"",""SIEM tools experience""]",2025-07-08,https://www.amazon.jobs/en/jobs/2988485/soc-support-engineer-iii-aws-soc-security-support-engineer,2025-08-02 05:15:43.27171,2025-08-06 10:18:14.757731
8cd9022b-0416-4df6-b950-a7106168a389,Senior DevOps Engineer,4,netflix,"Los Angeles, CA",Full-time,Senior (5-7 years),165000,235000,USD,"Build and maintain Netflix's cloud infrastructure and deployment systems. Work on CI/CD pipelines, monitoring systems, and infrastructure automation.","[""Bachelor's degree in Computer Science or related field"",""5+ years of DevOps or infrastructure experience"",""Expertise in AWS, Docker, and Kubernetes"",""Experience with Infrastructure as Code (Terraform, CloudFormation)"",""Proficiency in Python, Go, or Bash scripting"",""Knowledge of monitoring and logging tools (Prometheus, ELK stack)"",""Understanding of security best practices"",""Experience with CI/CD tools (Jenkins, GitLab CI)"",""Strong troubleshooting and incident response skills""]",2025-09-17,https://jobs.netflix.com/jobs/senior-devops-engineer,2025-09-19 11:20:33.074575,2025-09-19 11:20:33.074575
8e934a6d-06fe-410a-a020-45486eddaa50,Senior Software Engineer – Remote,1,bairesdev,Remote (Global),Full-time,Senior,80000,140000,USD,Work with top-tier clients to develop cutting-edge software solutions.,"[""5+ years software development"",""Multiple programming languages"",""Remote collaboration skills""]",2025-07-08,https://applicants.bairesdev.com/job/1/281122/apply,2025-08-02 05:15:43.27171,2025-08-06 10:18:14.757731
911e3317-0515-43dd-bb1a-252fa756d45a,Android Engineer - Payments,7,square,"Atlanta, GA",Full-time,Senior (5-7 years),145000,200000,USD,"Develop Android applications for Square's payment ecosystem. Work on point-of-sale systems, merchant apps, and consumer payment solutions.","[""Bachelor's degree in Computer Science or related field"",""5+ years of Android development experience"",""Expertise in Kotlin and Java for Android"",""Experience with Android SDK, Architecture Components"",""Knowledge of payment systems and financial regulations"",""Understanding of security and encryption"",""Experience with automated testing and CI/CD"",""Familiarity with material design principles""]",2025-09-17,https://squareup.com/us/en/careers/jobs/android-engineer-payments,2025-09-19 11:20:33.074575,2025-09-19 11:20:33.074575
91acb91f-96cc-412c-b2b9-4693f1070249,Software Engineer - Financial Services,1,square,"San Francisco, CA",Full-time,Mid Level (4-6 years),150000,210000,USD,"Build financial products for Square's ecosystem. Develop payment processing, lending, and banking services for small businesses.","[""Bachelor's degree in Computer Science or related field"",""4+ years of software development experience"",""Experience with financial systems and regulations"",""Proficiency in Java, Ruby, or Go"",""Knowledge of distributed systems and databases"",""Understanding of payment processing and compliance"",""Experience with microservices architecture""]",2025-09-18,https://squareup.com/us/en/careers/jobs/software-engineer-financial-services,2025-09-19 11:20:33.074575,2025-09-19 11:20:33.074575
91befc69-d7ef-4e6f-98f3-15c952eaf017,iOS Software Engineer,7,apple,"Cupertino, CA",Full-time,Mid Level (3-5 years),160000,230000,USD,"Develop iOS applications and frameworks for iPhone and iPad. Work on system-level software, contribute to iOS features, and collaborate with hardware teams.","[""Bachelor's degree in Computer Science or related field"",""3+ years of iOS development experience"",""Proficiency in Swift and Objective-C"",""Experience with iOS SDK and Xcode"",""Knowledge of mobile app architecture patterns"",""Understanding of Apple's design guidelines"",""Experience with Core Data, Core Animation, and networking""]",2025-09-19,https://jobs.apple.com/en-us/details/ios-software-engineer,2025-09-19 11:20:33.074575,2025-09-19 11:20:33.074575
9316d756-27ee-4e41-897e-70994495a862,Platform Engineer - Kubernetes,8,uber,"New York, NY",Full-time,Senior (5-7 years),160000,225000,USD,"Build and maintain Uber's Kubernetes platform. Design container orchestration systems, implement service mesh, and ensure platform reliability across global deployments.","[""Bachelor's degree in Computer Science or related field"",""5+ years of platform engineering experience"",""Deep expertise in Kubernetes and container technologies"",""Experience with service mesh (Istio, Linkerd)"",""Proficiency in Go, Python, or Java"",""Knowledge of distributed systems and networking"",""Experience with cloud platforms (AWS, GCP, Azure)"",""Understanding of security and compliance requirements""]",2025-09-18,https://www.uber.com/careers/list/platform-engineer-kubernetes,2025-09-19 11:20:33.074575,2025-09-19 11:20:33.074575
94b5825e-e37f-468e-9b5b-95862f4db416,Staff Software Engineer - Chrome,1,google,"San Francisco, CA",Full-time,Staff (8-12 years),220000,350000,USD,"Lead technical initiatives for Chrome browser development. Design and implement new browser features, optimize performance, and collaborate with cross-functional teams to enhance user experience.","[""8+ years of software development experience"",""Strong expertise in C++, JavaScript, and web technologies"",""Experience with browser architecture and rendering engines"",""Knowledge of web standards and security protocols"",""Leadership experience in technical projects"",""Understanding of performance optimization techniques"",""Master's degree in Computer Science preferred""]",2025-09-17,https://careers.google.com/jobs/results/staff-software-engineer-chrome,2025-09-19 11:20:33.074575,2025-09-19 11:20:33.074575
96a57eab-5986-42d2-8721-7e6d2ba3b21a,Data Scientist - Insights & Data,2,capgemini,"Mumbai, Pune, Bangalore, Hyderabad, India",Full-time,Mid-Senior,,,INR,Join Capgemini Insights & Data practice to help clients unlock the value of data and accelerate their journey to becoming data-driven organizations. Work on end-to-end data science projects from data strategy to model deployment and business impact measurement.,"[""4-7 years of experience in data science and advanced analytics"",""Strong expertise in statistical analysis and machine learning algorithms"",""Proficiency in Python, R, SQL, and data manipulation libraries"",""Experience with cloud analytics platforms (Azure ML, AWS SageMaker, GCP AI)"",""Knowledge of big data technologies and data engineering concepts"",""Experience with A/B testing and experimental design"",""Strong business acumen and ability to translate technical insights into business value"",""Master's degree in Data Science, Computer Science, Statistics, or related field preferred"",""Experience in consulting environment and client-facing roles"",""Industry experience in retail, BFSI, or manufacturing sectors preferred""]",2025-09-19,https://www.capgemini.com/careers/,2025-09-19 11:03:37.973211,2025-09-19 11:03:37.973211
98315b46-8db9-4110-baea-3f768b64fbf2,Technical Specialist – MS Systems,8,ntt,"New Delhi, India",Full-time,Mid–Senior (5+ years),,,USD,Provide specialized Microsoft systems support within NTT's global services framework.,"[""5+ years hands-on experience with Microsoft server technologies"",""Expertise in system deployment, configuration, and management"",""Strong troubleshooting skills for complex technical issues""]",2025-07-01,https://careers.services.global.ntt/global/en/job/R-113682/apply,2025-08-02 05:15:43.27171,2025-08-06 10:18:14.757731
98cce23c-a71d-45f6-9cdf-cd9305e50bd9,US Travel Sales (Voice Process),12,sharda,"Gurugram, Haryana, India",Full-time,Mid‑Level,,600000,INR,"Urgent hiring for US Travel Sales agents handling PPC-based voice sales leads. Engage with US market clients, convert leads into bookings, and upsell travel products while maintaining customer satisfaction.","[""Minimum 2 years experience in US travel sales (PPC inbound/outbound calls)"",""Excellent spoken English and persuasion skills"",""Goal-oriented with proven sales conversion track record""]",2025-06-01,https://www.shine.com/jobs/us-travel-sales/sharda-consultancy-services/16965216,2025-08-02 09:39:11.104949,2025-08-06 10:18:14.757731
9a81cdaa-c952-490e-93ba-f754a59427e4,QA Engineer - Mobile Gaming,18,epic,"Cary, NC",Full-time,Mid Level (3-5 years),95000,130000,USD,"Test mobile games and Epic Games Store applications. Ensure quality across different platforms, devices, and user scenarios for gaming experiences.","[""Bachelor's degree in Computer Science, Game Design, or related field"",""3-5 years of QA experience in gaming industry"",""Experience with mobile game testing (iOS, Android)"",""Knowledge of game engines (Unreal Engine preferred)"",""Understanding of gameplay mechanics and user experience"",""Experience with bug tracking and test management tools"",""Knowledge of performance testing and optimization"",""Passion for gaming and interactive entertainment""]",2025-09-19,https://www.epicgames.com/site/careers/jobs/qa-engineer-mobile-gaming,2025-09-19 11:33:51.919151,2025-09-19 11:33:51.919151
9c88122f-4178-4eff-88b7-b22946e2ac9e,Senior Product Manager - Gaming Platform,16,unity,"San Francisco, CA",Full-time,Senior (5-7 years),160000,220000,USD,"Drive product strategy for Unity's gaming platform and tools. Work with game developers, define roadmaps, and launch features used by millions of creators worldwide.","[""Bachelor's degree in Business, Computer Science, or related field"",""5+ years of product management experience"",""Experience in gaming or developer tools industry"",""Strong analytical and data-driven decision making"",""Understanding of game development lifecycle"",""Experience with B2B and developer-focused products"",""Excellent communication and stakeholder management"",""MBA or technical background preferred""]",2025-09-19,https://unity.com/careers/senior-product-manager-gaming-platform,2025-09-19 11:33:51.919151,2025-09-19 11:33:51.919151
9d00b445-2e9c-4396-a2da-80fef0f9cbac,Senior Machine Learning Engineer,2,apple,"Seattle, WA",Full-time,Senior (5-7 years),180000,260000,USD,"Develop ML models for Siri, Photos, and other Apple services. Work on natural language processing, computer vision, and on-device machine learning optimization.","[""Master's or PhD in Machine Learning, Computer Science, or related field"",""5+ years of machine learning experience"",""Proficiency in Python, TensorFlow, or PyTorch"",""Experience with NLP and computer vision"",""Knowledge of on-device ML optimization"",""Understanding of privacy-preserving ML techniques"",""Experience with Core ML and Apple's ML frameworks""]",2025-09-17,https://jobs.apple.com/en-us/details/senior-ml-engineer,2025-09-19 11:20:33.074575,2025-09-19 11:20:33.074575
9d5d477e-fd52-4e92-9a68-edf76dfb47aa,Senior Frontend Engineer - React,5,airbnb,"Portland, OR",Full-time,Senior (5-7 years),155000,220000,USD,"Build user-facing features for Airbnb's web platform. Work on host and guest experiences, implement design systems, and optimize performance for global users.","[""Bachelor's degree in Computer Science or related field"",""5+ years of frontend development experience"",""Expertise in React, TypeScript, and modern JavaScript"",""Experience with CSS-in-JS and responsive design"",""Knowledge of web performance optimization"",""Understanding of accessibility standards (WCAG)"",""Experience with testing frameworks (Jest, React Testing Library)"",""Familiarity with design systems and component libraries""]",2025-09-18,https://careers.airbnb.com/positions/senior-frontend-engineer-react,2025-09-19 11:20:33.074575,2025-09-19 11:20:33.074575
9e11c517-58d7-46fb-8dbf-dca124554d90,Software Engineer - Instagram,1,meta,"Menlo Park, CA",Full-time,Mid Level (3-5 years),155000,220000,USD,"Build features for Instagram used by over 2 billion people. Work on mobile and web applications, implement new creator tools, and optimize user engagement systems.","[""Bachelor's degree in Computer Science or related field"",""3+ years of software development experience"",""Experience with React, React Native, or mobile development"",""Knowledge of backend systems and databases"",""Understanding of social media platforms"",""Experience with A/B testing and analytics"",""Proficiency in Python, Java, or JavaScript""]",2025-09-19,https://www.metacareers.com/jobs/software-engineer-instagram,2025-09-19 11:20:33.074575,2025-09-19 11:20:33.074575
a71ee538-4548-4092-b059-5c535065d17c,Site Reliability Engineer,4,google,"Chicago, IL",Full-time,Senior (5-7 years),155000,220000,USD,"Ensure reliability and performance of Google's production systems. Build monitoring and automation tools, respond to incidents, and improve system scalability.","[""Bachelor's degree in Computer Science or related field"",""5+ years of systems engineering or SRE experience"",""Strong programming skills in Go, Python, or Java"",""Experience with distributed systems and microservices"",""Knowledge of monitoring and observability tools"",""Understanding of incident management and postmortems"",""Experience with automation and infrastructure as code"",""Strong troubleshooting and performance optimization skills""]",2025-09-17,https://careers.google.com/jobs/results/site-reliability-engineer,2025-09-19 11:20:33.074575,2025-09-19 11:20:33.074575
a78ab554-41d2-4496-98aa-8549c6ae9927,Data Center Engineering Operations Technician,8,amazon,"Northern Virginia, USA",Full-time,Mid-level,75000,110000,USD,Manage and maintain mission-critical infrastructure in AWS data centers.,"[""2+ years data center experience"",""Electrical/mechanical systems knowledge""]",2025-07-08,https://www.amazon.jobs/en/jobs/3023072/data-center-engineering-operations-technician,2025-08-02 05:15:43.27171,2025-08-06 10:18:14.757731
a795bb17-eedf-46da-9968-97d24ba5a6cc,Senior Technical Writer - Developer Documentation,19,mongodb,"New York, NY",Full-time,Senior (5-7 years),105000,140000,USD,"Create comprehensive documentation for MongoDB's database platform. Write developer guides, API documentation, and tutorials for database administrators and developers.","[""Bachelor's degree in Technical Communication, English, or related field"",""5+ years of technical writing experience"",""Experience with database technologies and developer tools"",""Proficiency in documentation tools (GitBook, Confluence, Markdown)"",""Understanding of API documentation and code samples"",""Experience with version control and collaborative workflows"",""Strong editing and content strategy skills"",""Ability to work with engineering and product teams""]",2025-09-17,https://www.mongodb.com/careers/jobs/senior-technical-writer-developer-docs,2025-09-19 11:33:51.919151,2025-09-19 11:33:51.919151
aa6a608f-f6fc-4195-aeb4-b26d41e6d103,Product Manager - Enterprise SaaS,16,servicenow,"Santa Clara, CA",Full-time,Mid Level (4-6 years),140000,190000,USD,"Manage enterprise workflow automation products. Define requirements, work with engineering teams, and deliver solutions for IT service management and digital workflows.","[""Bachelor's degree in Business, Engineering, or related field"",""4+ years of product management experience"",""Experience with enterprise software and SaaS platforms"",""Knowledge of ITSM and workflow automation"",""Strong project management and analytical skills"",""Customer-facing experience and stakeholder management"",""Understanding of enterprise sales cycles"",""Technical background with APIs and integrations preferred""]",2025-09-18,https://careers.servicenow.com/jobs/product-manager-enterprise-saas,2025-09-19 11:33:51.919151,2025-09-19 11:33:51.919151
ab958428-d062-4d49-b8ee-f0be730dde21,Full Stack Developer,1,sourcingxpress,"North Delhi, Delhi, India",Full-time,Mid–Senior (4–8 years),1000000,2500000,INR,"Lead and mentor full-stack projects, architect and build scalable .NET based solutions.","[""4–8 years of overall full-stack development experience"",""Proficient in C#, .NET Framework, ASP.NET MVC"",""Strong JavaScript skills and experience with AngularJS or React.js""]",2025-06-22,https://www.sourcingxpress.com/jobs/e6edc57f-0e59-40e2-9843-91046c24e874,2025-08-02 05:15:43.27171,2025-08-06 10:18:14.757731
abf12b42-a031-4bc7-8566-818100374872,Data Scientist - BCG X,2,bcg,"Mumbai, Gurugram, Bangalore, India",Full-time,Mid-Senior (2-8 years),,,INR,"Join BCG X, our tech build and design unit, as a Data Scientist. Transform large and diverse datasets into useful business insights using cutting-edge tools. Define new metrics, design simulations, and construct advanced models to enhance our clients capabilities in a consulting environment.","[""2+ years of relevant work experience in data science, machine learning, artificial intelligence, or big data"",""Experience in designing, developing, and deploying ML solutions"",""Knowledge of structured/unstructured data handling and integration"",""Strong programming skills in Python, R, and SQL"",""Experience with machine learning frameworks (TensorFlow, PyTorch, scikit-learn)"",""Knowledge of cloud platforms (AWS, Azure, GCP)"",""Experience with data visualization tools (Tableau, Power BI)"",""Strong analytical and problem-solving abilities"",""Excellent communication skills for client-facing consulting work"",""Bachelor's or Master's degree in quantitative field (Computer Science, Statistics, Mathematics, Engineering)"",""Experience in consulting environment preferred""]",2025-09-19,https://careers.bcg.com/global/en/c/data-science-and-analytics-jobs,2025-09-19 11:03:37.973211,2025-09-19 11:03:37.973211
aeccc33a-1084-4998-84ec-981adfd44138,Sr. Frontend Developer,5,roadzen,NCR (Delhi / Gurgaon / Noida),Full-time,Senior,1500000,2500000,INR,"You'll be responsible for developing new user-facing features using ReactJS, building reusable components, translating UI/UX wireframes into code, optimizing performance across browsers/devices, writing tests and documentation, and understanding asynchronous programming patterns.","[""Proficient in HTML, CSS, JavaScript (ES6+)"",""Strong command of ReactJS / Redux"",""Performance optimization techniques knowledge"",""Familiar with Redux Saga or Thunk for async behavior"",""Experience with RESTful APIs and error handling"",""Fundamental understanding of good user experience"",""Familiarity with Git"",""Good problem-solving skills""]",2025-07-01,https://cutshort.io/job/Sr-Frontend-Developer-NCR-Delhi-Gurgaon-Noida-Roadzen-Technologies-mMgrPAuS,2025-08-02 09:39:11.104949,2025-08-06 10:18:14.757731
af3aac6f-317f-4149-bf70-5aff24f53af5,Senior Software Engineer I – Java React JS,1,unitedhealthgroup,"New Delhi, Delhi, India",Full-time,Senior,,,INR,"Build scalable, secure, high-performance applications supporting Optum's healthcare platforms. Work full stack using ReactJS for UI and Java Spring Boot microservices, integrate messaging systems, deploy on Kubernetes, and maintain observability.","[""5+ years of Full Stack development using Java and ReactJS"",""Experience building microservices with Spring Boot and Kafka"",""Hands-on with Kubernetes, Docker, GitHub Actions for CI/CD"",""Proficiency in SQL and NoSQL databases (PostgreSQL, MongoDB)"",""Strong grasp of HTML, CSS, JavaScript, and modern ReactJS"",""Familiar with monitoring/observability tools like Grafana, Dynatrace, Splunk"",""Ability to write unit/integration tests (JUnit, Mockito)"",""Bachelor's or Master's in CS, Engineering, or related""]",2025-06-19,https://careers.unitedhealthgroup.com/job/22220526/senior-software-engineer-i-java-react-js-new-delhi-in/,2025-08-02 09:39:11.104949,2025-08-06 10:18:14.757731
b001c4d7-fa86-4e64-9da4-67da641969cf,"Software Engineer III - Infra Engineering, ITC",8,nike,Global (Remote Options Available),Full-time,Mid-Senior,,,USD,"Join Core Infrastructure Services team to update legacy code, improve capabilities, develop integrated solutions, and deliver infrastructure-as-code across a multi-cloud ecosystem. Work with serverless architectures and CI/CD in cloud environments while collaborating with global teams.","[""Bachelor's degree in Computer Science or IT related discipline or equivalent experience"",""Microsoft Developer certifications"",""Experience with PowerShell"",""Experience with VBScript"",""A secondary programming language such as C# or Python (for Azure DevOps)"",""Cloud infrastructure development or resource management experience using public cloud provider platforms and services (e.g. AWS or Azure)"",""Experience in Infrastructure-as-code tools such as Terraform, CloudFormation, Pulumi, etc."",""Knowledge of Agile principles and Sprint Planning, including planning/backlog tools (e.g. JIRA)"",""Knowledge of cloud governance principles, strategy, risk, compliance"",""Excellent communication and collaboration skills"",""Innovative problem-solving skills"",""Governance, risk and compliance knowledge (preferred)"",""Experience in cloud security best practices (preferred)"",""Experience in building dashboards and reporting (preferred)"",""Basic knowledge of Cloud Security/Cybersecurity practices (preferred)""]",2025-09-19,https://careers.nike.com/software-engineer-iii-infra-engineering-itc/job/R-66053?source=BY_Indeed_AppFeeder&utm_source=BY_Indeed_AppFeeder,2025-09-19 10:46:35.225214,2025-09-19 10:46:35.225214
b2fb033b-0636-4ff7-b7a4-6968471a834e,Senior Frontend Developer,5,hirist,"Delhi, India",Full-time,Senior,,,INR,"Build fast, intuitive, mobile-responsive web interfaces; integrate with CRM and APIs; ensure performance, cross-browser compatibility, and documentation.","[""Associate degree required (Bachelor's preferred)"",""3+ years of frontend development experience in startups or similar"",""1+ year with frameworks like Angular 2+, React.js, or React Native"",""Strong JavaScript, CSS/SASS, HTML skills"",""Familiarity with W3C web standards and accessibility (e.g., s508)"",""Experience with unit testing tools like Karma, Jasmine, Mocha, or Chai"",""Ability to translate UI/UX designs and troubleshoot production issues"",""Excellent problem-solving and collaboration skills""]",2025-06-29,https://www.hirist.tech/j/senior-frontend-developer-1504263,2025-08-02 09:39:11.104949,2025-08-06 10:18:14.757731
b35f2821-92aa-4248-8e0d-f24581b8e154,"(Senior) Specialist, India Operations",14,idinsight,"Delhi, India",Full-time,Mid–Senior (2–4 years),,,INR,"Manage end-to-end India operations including people, office, logistics, and culture. Optimize systems (recruitment, onboarding/offboarding, compliance), provide executive support, and ensure smooth regional functioning.","[""Bachelor's degree in Business Administration, HR, or related discipline"",""2–4 years experience in operations, HR, logistics, or organisational building"",""Experience with full-lifecycle hiring and ATS (iCIMS preferred)"",""\""Get-things-done\"" attitude with operational excellence"",""Strong communication and stakeholder-management skills"",""High attention to detail and ability to drive cross-functional initiatives"",""Fluency in English and Hindi"",""Passion for global development and working with diverse teams"",""Ability to thrive in dynamic environments and handle ambiguity""]",2025-07-01,"https://internationalcareers-idinsight.icims.com/jobs/1340/(senior)-specialist,‑india‑operations‑(2025‑india)/job",2025-08-02 09:39:11.104949,2025-08-06 10:18:14.757731
b3b3cecc-9b7f-4353-80ee-f871364248a9,Principal Software Engineering Manager - Office 365,14,microsoft,"Bellevue, WA",Full-time,Principal (12+ years),220000,320000,USD,"Lead engineering teams building Office 365 experiences for millions of users. Drive technical strategy, mentor senior engineers, and collaborate with product management to deliver innovative productivity solutions.","[""12+ years of software development experience"",""5+ years of engineering management experience"",""Strong background in web technologies and SaaS platforms"",""Experience with TypeScript, React, and modern web frameworks"",""Knowledge of identity and security systems"",""Experience with agile development methodologies"",""Master's degree in Computer Science preferred""]",2025-09-18,https://careers.microsoft.com/us/en/job/principal-engineering-manager-office365,2025-09-19 11:20:33.074575,2025-09-19 11:20:33.074575
b4e8995d-4bff-4db1-9296-8c78c97a1db2,Senior Software Engineer,1,ets,"Princeton, New Jersey, USA",Full-time,Mid‑Senior,106000,135300,USD,"Design, develop, and operate scalable cloud-native solutions on AWS. Build full-stack software using Java, Python, JavaScript. Own CI/CD pipelines, monitor systems, and collaborate in an Agile environment to support ETS's education and assessment platforms.","[""Master's degree in Computer Science, Engineering, or related, plus 2+ years post-baccalaureate full-stack development experience"",""Hands-on experience with AWS (CDK, CloudFormation, serverless architectures)"",""Proficient in Java, Python (NumPy, Pandas), JavaScript, Spring/Hibernate"",""Experience with RESTful web services, UNIX shell scripting, XML/JSON/YAML"",""Unit testing expertise (JUnit) and Infrastructure as Code"",""Knowledge of monitoring, incident troubleshooting, and agile practices""]",2025-07-01,https://www.linkedin.com/jobs/view/software-developer-senior-at-ets-4246118460,2025-08-02 09:39:11.104949,2025-08-06 10:18:14.757731
b5d1d38a-95ac-4ab6-bca9-e0320adbb5da,Technical Specialist – MS Systems,8,ntt,"New Delhi, India",Full-time,Mid–Senior (5+ years),,,USD,"Ensure assigned infrastructure at client sites is configured, tested, and operational. Manage third-line support, proactive incident resolution, monitoring, and automation. Coach junior teams and support cross-technology domains including Cloud, Security, Networking, Applications, and Collaboration.","[""5+ years experience with Windows Server, Active Directory, Exchange, SQL Server"",""Expertise in system deployment, configuration, and management in enterprise IT environments"",""Strong troubleshooting skills for complex technical issues"",""Experience in monitoring and responding to alerts using monitoring tools"",""Knowledge of ITIL processes and change management"",""Ability to coach L2 teams, perform root-cause analysis, and manage third-party vendor escalations"",""Strong communication, documentation, and stakeholder management abilities""]",2025-07-01,https://careers.services.global.ntt/global/en/job/R-113682/apply?source=LinkedIn,2025-08-02 09:39:11.104949,2025-08-06 10:18:14.757731
b6b51e8b-eb95-4dd5-9d62-3a20b716d238,Distributed Systems Engineer,1,databricks,"Mountain View, CA",Full-time,Senior (6-8 years),180000,260000,USD,"Build large-scale distributed systems for Databricks' unified analytics platform. Work on data processing engines, cluster management, and storage systems.","[""Master's degree in Computer Science or related field"",""6+ years of distributed systems experience"",""Deep understanding of distributed computing principles"",""Experience with Apache Spark, Kafka, or similar technologies"",""Proficiency in Scala, Java, or Python"",""Knowledge of cloud platforms and container orchestration"",""Understanding of data processing and analytics workloads"",""Strong system design and architecture skills""]",2025-09-17,https://databricks.com/company/careers/open-positions/distributed-systems-engineer,2025-09-19 11:20:33.074575,2025-09-19 11:20:33.074575
b96b619f-3227-4c69-acfc-8bf49236ae45,UI/UX Engineer,5,shopify,"Ottawa, ON",Full-time,Mid Level (3-5 years),95000,130000,CAD,"Bridge the gap between design and development at Shopify. Implement user interfaces, contribute to design systems, and collaborate with designers and product managers.","[""Bachelor's degree in Design, Computer Science, or related field"",""3-5 years of UI/UX development experience"",""Proficiency in HTML, CSS, JavaScript, and React"",""Experience with design tools (Figma, Sketch, Adobe Creative Suite)"",""Understanding of user experience principles"",""Knowledge of responsive and accessible design"",""Experience with version control and collaborative workflows"",""Strong visual design and prototyping skills""]",2025-09-19,https://www.shopify.ca/careers/ui-ux-engineer,2025-09-19 11:20:33.074575,2025-09-19 11:20:33.074575
bacd257f-3f5d-490d-8576-9cb042fbf190,Senior Full Stack Developer,1,sourcingxpress,"North Delhi, Delhi, India",Full-time,Senior,1200000,3000000,INR,"Join TeknoBloom as part of a cross-functional team to design and develop scalable front-end and back-end solutions, APIs, responsive UIs, and manage database systems. Ensure software performance, security, and code quality through end-to-end testing and collaboration.","[""5+ years experience (or 3+ with Master's) in full-stack development"",""Strong proficiency in C#, .NET Framework, ASP.NET MVC, Web API"",""Hands-on experience with front-end frameworks like Angular or React, plus HTML, CSS, JavaScript"",""Database experience with SQL Server, MongoDB, or Cosmos DB"",""Experience with DevOps practices, Git, and CI/CD pipelines"",""Skilled in writing resilient APIs, responsive UI, and technical documentation"",""Excellent problem-solving, communication, and teamwork skills"",""Bachelor's or Master's in Computer Science or related field""]",2025-04-01,https://www.sourcingxpress.com/jobs/e2b57ca2-5afb-4c3c-88b5-8f8eb599dd30?utm_source=linkedin&utm_medium=job_board&utm_campaign=careers_2025,2025-08-02 09:39:11.104949,2025-08-06 10:18:14.757731